<?xml version="1.0" encoding="UTF-8"?>
<!-- IMPORTANT: This is an internal file that has been generated
     by the Xilinx ISE software.  Any direct editing or
     changes made to this file may result in unpredictable
     behavior or data corruption.  It is strongly advised that
     users do not edit the contents of this file. -->
<DeviceUsageSummary rev="90">
<DesignStatistics TimeStamp="Thu Jun 18 15:04:46 2015"><group name="NetStatistics">
<item name="NumNets_Active" rev="88">
<attrib name="value" value="3143"/></item>
<item name="NumNets_Gnd" rev="88">
<attrib name="value" value="1"/></item>
<item name="NumNets_Vcc" rev="88">
<attrib name="value" value="1"/></item>
<item name="NumNodesOfType_Active_CLKPIN" rev="88">
<attrib name="value" value="809"/></item>
<item name="NumNodesOfType_Active_CNTRLPIN" rev="88">
<attrib name="value" value="722"/></item>
<item name="NumNodesOfType_Active_DOUBLE" rev="88">
<attrib name="value" value="11149"/></item>
<item name="NumNodesOfType_Active_DUMMY" rev="88">
<attrib name="value" value="6775"/></item>
<item name="NumNodesOfType_Active_DUMMYESC" rev="88">
<attrib name="value" value="13"/></item>
<item name="NumNodesOfType_Active_GLOBAL" rev="88">
<attrib name="value" value="102"/></item>
<item name="NumNodesOfType_Active_HFULLHEX" rev="88">
<attrib name="value" value="118"/></item>
<item name="NumNodesOfType_Active_HLONG" rev="88">
<attrib name="value" value="27"/></item>
<item name="NumNodesOfType_Active_HUNIHEX" rev="88">
<attrib name="value" value="826"/></item>
<item name="NumNodesOfType_Active_INPUT" rev="88">
<attrib name="value" value="11014"/></item>
<item name="NumNodesOfType_Active_IOBOUTPUT" rev="88">
<attrib name="value" value="13"/></item>
<item name="NumNodesOfType_Active_OMUX" rev="88">
<attrib name="value" value="2179"/></item>
<item name="NumNodesOfType_Active_OUTPUT" rev="88">
<attrib name="value" value="3098"/></item>
<item name="NumNodesOfType_Active_PREBXBY" rev="88">
<attrib name="value" value="2806"/></item>
<item name="NumNodesOfType_Active_VFULLHEX" rev="88">
<attrib name="value" value="440"/></item>
<item name="NumNodesOfType_Active_VLONG" rev="88">
<attrib name="value" value="35"/></item>
<item name="NumNodesOfType_Active_VUNIHEX" rev="88">
<attrib name="value" value="522"/></item>
<item name="NumNodesOfType_Gnd_DOUBLE" rev="88">
<attrib name="value" value="2"/></item>
<item name="NumNodesOfType_Gnd_INPUT" rev="88">
<attrib name="value" value="5"/></item>
<item name="NumNodesOfType_Gnd_OMUX" rev="88">
<attrib name="value" value="4"/></item>
<item name="NumNodesOfType_Gnd_OUTPUT" rev="88">
<attrib name="value" value="4"/></item>
<item name="NumNodesOfType_Gnd_PREBXBY" rev="88">
<attrib name="value" value="4"/></item>
<item name="NumNodesOfType_Vcc_CNTRLPIN" rev="88">
<attrib name="value" value="2"/></item>
<item name="NumNodesOfType_Vcc_INPUT" rev="88">
<attrib name="value" value="2"/></item>
<item name="NumNodesOfType_Vcc_PREBXBY" rev="88">
<attrib name="value" value="1"/></item>
<item name="NumNodesOfType_Vcc_VCCOUT" rev="88">
<attrib name="value" value="4"/></item>
</group>
<group name="MiscellaneousStatistics">
<item name="AGG_BONDED_IO" rev="90">
<attrib name="value" value="32"/></item>
<item name="AGG_IO" rev="90">
<attrib name="value" value="32"/></item>
<item name="AGG_SLICE" rev="90">
<attrib name="value" value="1655"/></item>
<item name="NUM_4_INPUT_LUT" rev="90">
<attrib name="value" value="2249"/></item>
<item name="NUM_BONDED_IOB" rev="90">
<attrib name="value" value="32"/></item>
<item name="NUM_BUFGMUX" rev="90">
<attrib name="value" value="3"/></item>
<item name="NUM_CYMUX" rev="90">
<attrib name="value" value="102"/></item>
<item name="NUM_LUT_RT" rev="90">
<attrib name="value" value="62"/></item>
<item name="NUM_MULTAND" rev="90">
<attrib name="value" value="22"/></item>
<item name="NUM_RAM32" rev="90">
<attrib name="value" value="256"/></item>
<item name="NUM_RPM" rev="90">
<attrib name="value" value="1"/></item>
<item name="NUM_SLICEL" rev="90">
<attrib name="value" value="1118"/></item>
<item name="NUM_SLICEM" rev="90">
<attrib name="value" value="537"/></item>
<item name="NUM_SLICE_FF" rev="90">
<attrib name="value" value="1243"/></item>
<item name="NUM_SLICE_LATCH" rev="90">
<attrib name="value" value="5"/></item>
<item name="NUM_XOR" rev="90">
<attrib name="value" value="92"/></item>
<item name="Xilinx Core C_DIST_MEM_V7_1, Xilinx CORE Generator 10.1" rev="90">
<attrib name="value" value="1"/></item>
</group>
</DesignStatistics>
<ReportConfigData TimeStamp="Wed Jun 17 15:20:20 2015"><group name="SLICEM_F">
<item name="LUT_OR_MEM" rev="88">
<attrib name="LUT" value="392"/><attrib name="RAM" value="128"/></item>
</group>
<group name="SLICEM_G">
<item name="LUT_OR_MEM" rev="88">
<attrib name="LUT" value="392"/><attrib name="RAM" value="128"/></item>
</group>
<group name="BUFGMUX_GCLKMUX">
<item name="DISABLE_ATTR" rev="88">
<attrib name="LOW" value="2"/></item>
</group>
<group name="SLICEL_FFX">
<item name="FFX_INIT_ATTR" rev="88">
<attrib name="INIT0" value="604"/></item>
<item name="FFX_SR_ATTR" rev="88">
<attrib name="SRLOW" value="602"/><attrib name="SRHIGH" value="2"/></item>
<item name="LATCH_OR_FF" rev="88">
<attrib name="FF" value="603"/><attrib name="LATCH" value="1"/></item>
<item name="SYNC_ATTR" rev="88">
<attrib name="ASYNC" value="585"/><attrib name="SYNC" value="19"/></item>
</group>
<group name="SLICEL_FFY">
<item name="FFY_INIT_ATTR" rev="88">
<attrib name="INIT0" value="643"/></item>
<item name="FFY_SR_ATTR" rev="88">
<attrib name="SRLOW" value="638"/><attrib name="SRHIGH" value="5"/></item>
<item name="LATCH_OR_FF" rev="88">
<attrib name="FF" value="641"/><attrib name="LATCH" value="2"/></item>
<item name="SYNC_ATTR" rev="88">
<attrib name="ASYNC" value="620"/><attrib name="SYNC" value="23"/></item>
</group>
<group name="IOB_PAD">
<item name="DRIVEATTRBOX" rev="88">
<attrib name="12" value="19"/></item>
<item name="IOATTRBOX" rev="88">
<attrib name="LVCMOS25" value="32"/></item>
<item name="SLEW" rev="88">
<attrib name="SLOW" value="19"/></item>
</group>
</ReportConfigData>
<ReportPinData TimeStamp="Wed Jun 17 15:20:20 2015"><group name="SLICEM_F">
<item name="A1" rev="88">
<attrib name="value" value="520"/></item>
<item name="A2" rev="88">
<attrib name="value" value="520"/></item>
<item name="A3" rev="88">
<attrib name="value" value="518"/></item>
<item name="A4" rev="88">
<attrib name="value" value="128"/></item>
<item name="D" rev="88">
<attrib name="value" value="520"/></item>
<item name="DI" rev="88">
<attrib name="value" value="128"/></item>
<item name="WF1" rev="88">
<attrib name="value" value="128"/></item>
<item name="WF2" rev="88">
<attrib name="value" value="128"/></item>
<item name="WF3" rev="88">
<attrib name="value" value="128"/></item>
<item name="WF4" rev="88">
<attrib name="value" value="128"/></item>
<item name="WS" rev="88">
<attrib name="value" value="128"/></item>
</group>
<group name="SLICEM_G">
<item name="A1" rev="88">
<attrib name="value" value="520"/></item>
<item name="A2" rev="88">
<attrib name="value" value="520"/></item>
<item name="A3" rev="88">
<attrib name="value" value="520"/></item>
<item name="A4" rev="88">
<attrib name="value" value="128"/></item>
<item name="D" rev="88">
<attrib name="value" value="520"/></item>
<item name="DI" rev="88">
<attrib name="value" value="128"/></item>
<item name="WG1" rev="88">
<attrib name="value" value="128"/></item>
<item name="WG2" rev="88">
<attrib name="value" value="128"/></item>
<item name="WG3" rev="88">
<attrib name="value" value="128"/></item>
<item name="WG4" rev="88">
<attrib name="value" value="128"/></item>
<item name="WS" rev="88">
<attrib name="value" value="128"/></item>
</group>
<group name="SLICEL">
<item name="BX" rev="88">
<attrib name="value" value="949"/></item>
<item name="BY" rev="88">
<attrib name="value" value="822"/></item>
<item name="CE" rev="88">
<attrib name="value" value="568"/></item>
<item name="CIN" rev="88">
<attrib name="value" value="49"/></item>
<item name="CLK" rev="88">
<attrib name="value" value="681"/></item>
<item name="COUT" rev="88">
<attrib name="value" value="49"/></item>
<item name="F1" rev="88">
<attrib name="value" value="569"/></item>
<item name="F2" rev="88">
<attrib name="value" value="534"/></item>
<item name="F3" rev="88">
<attrib name="value" value="528"/></item>
<item name="F4" rev="88">
<attrib name="value" value="64"/></item>
<item name="F5" rev="88">
<attrib name="value" value="392"/></item>
<item name="FX" rev="88">
<attrib name="value" value="196"/></item>
<item name="FXINA" rev="88">
<attrib name="value" value="292"/></item>
<item name="FXINB" rev="88">
<attrib name="value" value="292"/></item>
<item name="G1" rev="88">
<attrib name="value" value="567"/></item>
<item name="G2" rev="88">
<attrib name="value" value="534"/></item>
<item name="G3" rev="88">
<attrib name="value" value="529"/></item>
<item name="G4" rev="88">
<attrib name="value" value="73"/></item>
<item name="SR" rev="88">
<attrib name="value" value="26"/></item>
<item name="X" rev="88">
<attrib name="value" value="134"/></item>
<item name="XB" rev="88">
<attrib name="value" value="1"/></item>
<item name="XQ" rev="88">
<attrib name="value" value="604"/></item>
<item name="Y" rev="88">
<attrib name="value" value="165"/></item>
<item name="YQ" rev="88">
<attrib name="value" value="643"/></item>
</group>
<group name="SLICEM_WSGEN">
<item name="CK" rev="88">
<attrib name="value" value="128"/></item>
<item name="WE" rev="88">
<attrib name="value" value="128"/></item>
<item name="WE0" rev="88">
<attrib name="value" value="128"/></item>
<item name="WSF" rev="88">
<attrib name="value" value="128"/></item>
<item name="WSG" rev="88">
<attrib name="value" value="128"/></item>
</group>
<group name="SLICEM">
<item name="BX" rev="88">
<attrib name="value" value="520"/></item>
<item name="BY" rev="88">
<attrib name="value" value="520"/></item>
<item name="CLK" rev="88">
<attrib name="value" value="128"/></item>
<item name="F1" rev="88">
<attrib name="value" value="520"/></item>
<item name="F2" rev="88">
<attrib name="value" value="520"/></item>
<item name="F3" rev="88">
<attrib name="value" value="518"/></item>
<item name="F4" rev="88">
<attrib name="value" value="128"/></item>
<item name="F5" rev="88">
<attrib name="value" value="392"/></item>
<item name="FX" rev="88">
<attrib name="value" value="388"/></item>
<item name="FXINA" rev="88">
<attrib name="value" value="392"/></item>
<item name="FXINB" rev="88">
<attrib name="value" value="392"/></item>
<item name="G1" rev="88">
<attrib name="value" value="520"/></item>
<item name="G2" rev="88">
<attrib name="value" value="520"/></item>
<item name="G3" rev="88">
<attrib name="value" value="520"/></item>
<item name="G4" rev="88">
<attrib name="value" value="128"/></item>
<item name="SR" rev="88">
<attrib name="value" value="128"/></item>
<item name="X" rev="88">
<attrib name="value" value="128"/></item>
<item name="Y" rev="88">
<attrib name="value" value="4"/></item>
</group>
<group name="IOB_OUTBUF">
<item name="IN" rev="88">
<attrib name="value" value="19"/></item>
<item name="OUT" rev="88">
<attrib name="value" value="19"/></item>
</group>
<group name="SLICEL_CYMUXF">
<item name="0" rev="88">
<attrib name="value" value="53"/></item>
<item name="1" rev="88">
<attrib name="value" value="53"/></item>
<item name="OUT" rev="88">
<attrib name="value" value="53"/></item>
<item name="S0" rev="88">
<attrib name="value" value="53"/></item>
</group>
<group name="SLICEL_CYMUXG">
<item name="0" rev="88">
<attrib name="value" value="49"/></item>
<item name="1" rev="88">
<attrib name="value" value="49"/></item>
<item name="OUT" rev="88">
<attrib name="value" value="49"/></item>
<item name="S0" rev="88">
<attrib name="value" value="49"/></item>
</group>
<group name="BUFGMUX_GCLKMUX">
<item name="I0" rev="88">
<attrib name="value" value="2"/></item>
<item name="OUT" rev="88">
<attrib name="value" value="2"/></item>
<item name="S" rev="88">
<attrib name="value" value="2"/></item>
</group>
<group name="SLICEL_C1VDD">
<item name="1" rev="88">
<attrib name="value" value="5"/></item>
</group>
<group name="IOB_INBUF">
<item name="IN" rev="88">
<attrib name="value" value="13"/></item>
<item name="OUT" rev="88">
<attrib name="value" value="13"/></item>
</group>
<group name="SLICEL_FFX">
<item name="CE" rev="88">
<attrib name="value" value="565"/></item>
<item name="CK" rev="88">
<attrib name="value" value="604"/></item>
<item name="D" rev="88">
<attrib name="value" value="604"/></item>
<item name="Q" rev="88">
<attrib name="value" value="604"/></item>
<item name="SR" rev="88">
<attrib name="value" value="19"/></item>
</group>
<group name="SLICEL_XORF">
<item name="0" rev="88">
<attrib name="value" value="44"/></item>
<item name="1" rev="88">
<attrib name="value" value="44"/></item>
<item name="O" rev="88">
<attrib name="value" value="44"/></item>
</group>
<group name="SLICEL_FFY">
<item name="CE" rev="88">
<attrib name="value" value="535"/></item>
<item name="CK" rev="88">
<attrib name="value" value="643"/></item>
<item name="D" rev="88">
<attrib name="value" value="643"/></item>
<item name="Q" rev="88">
<attrib name="value" value="643"/></item>
<item name="SR" rev="88">
<attrib name="value" value="23"/></item>
</group>
<group name="SLICEL_XORG">
<item name="0" rev="88">
<attrib name="value" value="47"/></item>
<item name="1" rev="88">
<attrib name="value" value="47"/></item>
<item name="O" rev="88">
<attrib name="value" value="47"/></item>
</group>
<group name="SLICEL_GAND">
<item name="0" rev="88">
<attrib name="value" value="11"/></item>
<item name="1" rev="88">
<attrib name="value" value="11"/></item>
<item name="O" rev="88">
<attrib name="value" value="11"/></item>
</group>
<group name="SLICEM_F6MUX">
<item name="0" rev="88">
<attrib name="value" value="392"/></item>
<item name="1" rev="88">
<attrib name="value" value="392"/></item>
<item name="OUT" rev="88">
<attrib name="value" value="392"/></item>
<item name="S0" rev="88">
<attrib name="value" value="392"/></item>
</group>
<group name="SLICEL_F6MUX">
<item name="0" rev="88">
<attrib name="value" value="292"/></item>
<item name="1" rev="88">
<attrib name="value" value="292"/></item>
<item name="OUT" rev="88">
<attrib name="value" value="292"/></item>
<item name="S0" rev="88">
<attrib name="value" value="292"/></item>
</group>
<group name="IOB_PAD">
<item name="PAD" rev="88">
<attrib name="value" value="32"/></item>
</group>
<group name="IOB">
<item name="I" rev="88">
<attrib name="value" value="13"/></item>
<item name="O1" rev="88">
<attrib name="value" value="19"/></item>
<item name="PAD" rev="88">
<attrib name="value" value="32"/></item>
</group>
<group name="BUFGMUX">
<item name="I0" rev="88">
<attrib name="value" value="2"/></item>
<item name="O" rev="88">
<attrib name="value" value="2"/></item>
<item name="S" rev="88">
<attrib name="value" value="2"/></item>
</group>
<group name="SLICEL_FAND">
<item name="0" rev="88">
<attrib name="value" value="11"/></item>
<item name="1" rev="88">
<attrib name="value" value="11"/></item>
<item name="O" rev="88">
<attrib name="value" value="11"/></item>
</group>
<group name="SLICEM_F5MUX">
<item name="F" rev="88">
<attrib name="value" value="520"/></item>
<item name="G" rev="88">
<attrib name="value" value="520"/></item>
<item name="OUT" rev="88">
<attrib name="value" value="520"/></item>
<item name="S0" rev="88">
<attrib name="value" value="520"/></item>
</group>
<group name="SLICEL_C2VDD">
<item name="1" rev="88">
<attrib name="value" value="5"/></item>
</group>
<group name="BUFGMUX_GCLK_BUFFER">
<item name="IN" rev="88">
<attrib name="value" value="2"/></item>
<item name="OUT" rev="88">
<attrib name="value" value="2"/></item>
</group>
<group name="SLICEL_F">
<item name="A1" rev="88">
<attrib name="value" value="569"/></item>
<item name="A2" rev="88">
<attrib name="value" value="534"/></item>
<item name="A3" rev="88">
<attrib name="value" value="528"/></item>
<item name="A4" rev="88">
<attrib name="value" value="64"/></item>
<item name="D" rev="88">
<attrib name="value" value="570"/></item>
</group>
<group name="SLICEL_F5MUX">
<item name="F" rev="88">
<attrib name="value" value="426"/></item>
<item name="G" rev="88">
<attrib name="value" value="426"/></item>
<item name="OUT" rev="88">
<attrib name="value" value="426"/></item>
<item name="S0" rev="88">
<attrib name="value" value="426"/></item>
</group>
<group name="SLICEL_G">
<item name="A1" rev="88">
<attrib name="value" value="567"/></item>
<item name="A2" rev="88">
<attrib name="value" value="534"/></item>
<item name="A3" rev="88">
<attrib name="value" value="529"/></item>
<item name="A4" rev="88">
<attrib name="value" value="73"/></item>
<item name="D" rev="88">
<attrib name="value" value="567"/></item>
</group>
<group name="SLICEL_GNDF">
<item name="0" rev="88">
<attrib name="value" value="32"/></item>
</group>
<group name="SLICEL_GNDG">
<item name="0" rev="88">
<attrib name="value" value="29"/></item>
</group>
</ReportPinData>
<CmdHistory>
</CmdHistory>
</DeviceUsageSummary>
