<?xml version="1.0" encoding="UTF-8"?>
<!-- IMPORTANT: This is an internal file that has been generated
     by the Xilinx ISE software.  Any direct editing or
     changes made to this file may result in unpredictable
     behavior or data corruption.  It is strongly advised that
     users do not edit the contents of this file. -->
<DeviceUsageSummary rev="56">
<DesignStatistics TimeStamp="Thu May 28 11:41:01 2015"><group name="NetStatistics">
<item name="NumNets_Active" rev="56">
<attrib name="value" value="3065"/></item>
<item name="NumNets_Gnd" rev="56">
<attrib name="value" value="1"/></item>
<item name="NumNets_Vcc" rev="56">
<attrib name="value" value="1"/></item>
<item name="NumNodesOfType_Active_BRAMADDR" rev="56">
<attrib name="value" value="14"/></item>
<item name="NumNodesOfType_Active_BRAMDUMMY" rev="56">
<attrib name="value" value="32"/></item>
<item name="NumNodesOfType_Active_CLKPIN" rev="56">
<attrib name="value" value="572"/></item>
<item name="NumNodesOfType_Active_CNTRLPIN" rev="56">
<attrib name="value" value="582"/></item>
<item name="NumNodesOfType_Active_DOUBLE" rev="56">
<attrib name="value" value="10644"/></item>
<item name="NumNodesOfType_Active_DUMMY" rev="56">
<attrib name="value" value="5725"/></item>
<item name="NumNodesOfType_Active_DUMMYESC" rev="56">
<attrib name="value" value="12"/></item>
<item name="NumNodesOfType_Active_GLOBAL" rev="56">
<attrib name="value" value="103"/></item>
<item name="NumNodesOfType_Active_HFULLHEX" rev="56">
<attrib name="value" value="98"/></item>
<item name="NumNodesOfType_Active_HLONG" rev="56">
<attrib name="value" value="19"/></item>
<item name="NumNodesOfType_Active_HUNIHEX" rev="56">
<attrib name="value" value="732"/></item>
<item name="NumNodesOfType_Active_INPUT" rev="56">
<attrib name="value" value="9787"/></item>
<item name="NumNodesOfType_Active_IOBOUTPUT" rev="56">
<attrib name="value" value="12"/></item>
<item name="NumNodesOfType_Active_OMUX" rev="56">
<attrib name="value" value="1912"/></item>
<item name="NumNodesOfType_Active_OUTPUT" rev="56">
<attrib name="value" value="3024"/></item>
<item name="NumNodesOfType_Active_PREBXBY" rev="56">
<attrib name="value" value="2513"/></item>
<item name="NumNodesOfType_Active_VFULLHEX" rev="56">
<attrib name="value" value="370"/></item>
<item name="NumNodesOfType_Active_VLONG" rev="56">
<attrib name="value" value="15"/></item>
<item name="NumNodesOfType_Active_VUNIHEX" rev="56">
<attrib name="value" value="475"/></item>
<item name="NumNodesOfType_Gnd_BRAMADDR" rev="56">
<attrib name="value" value="4"/></item>
<item name="NumNodesOfType_Gnd_BRAMDUMMY" rev="56">
<attrib name="value" value="4"/></item>
<item name="NumNodesOfType_Gnd_CNTRLPIN" rev="56">
<attrib name="value" value="7"/></item>
<item name="NumNodesOfType_Gnd_DOUBLE" rev="56">
<attrib name="value" value="20"/></item>
<item name="NumNodesOfType_Gnd_INPUT" rev="56">
<attrib name="value" value="71"/></item>
<item name="NumNodesOfType_Gnd_OMUX" rev="56">
<attrib name="value" value="28"/></item>
<item name="NumNodesOfType_Gnd_OUTPUT" rev="56">
<attrib name="value" value="20"/></item>
<item name="NumNodesOfType_Gnd_PREBXBY" rev="56">
<attrib name="value" value="67"/></item>
<item name="NumNodesOfType_Gnd_VFULLHEX" rev="56">
<attrib name="value" value="1"/></item>
<item name="NumNodesOfType_Gnd_VLONG" rev="56">
<attrib name="value" value="1"/></item>
<item name="NumNodesOfType_Gnd_VUNIHEX" rev="56">
<attrib name="value" value="1"/></item>
<item name="NumNodesOfType_Vcc_CNTRLPIN" rev="56">
<attrib name="value" value="4"/></item>
<item name="NumNodesOfType_Vcc_INPUT" rev="56">
<attrib name="value" value="4"/></item>
<item name="NumNodesOfType_Vcc_PREBXBY" rev="56">
<attrib name="value" value="3"/></item>
<item name="NumNodesOfType_Vcc_VCCOUT" rev="56">
<attrib name="value" value="7"/></item>
</group>
<group name="MiscellaneousStatistics">
<item name="AGG_BONDED_IO" rev="55">
<attrib name="value" value="29"/></item>
<item name="AGG_IO" rev="55">
<attrib name="value" value="29"/></item>
<item name="AGG_SLICE" rev="55">
<attrib name="value" value="1514"/></item>
<item name="NUM_4_INPUT_LUT" rev="55">
<attrib name="value" value="1945"/></item>
<item name="NUM_BONDED_IOB" rev="55">
<attrib name="value" value="29"/></item>
<item name="NUM_BUFGMUX" rev="55">
<attrib name="value" value="2"/></item>
<item name="NUM_CYMUX" rev="55">
<attrib name="value" value="151"/></item>
<item name="NUM_LUT_RT" rev="55">
<attrib name="value" value="66"/></item>
<item name="NUM_RAMB16" rev="55">
<attrib name="value" value="2"/></item>
<item name="NUM_SLICEL" rev="55">
<attrib name="value" value="1122"/></item>
<item name="NUM_SLICEM" rev="55">
<attrib name="value" value="392"/></item>
<item name="NUM_SLICE_FF" rev="55">
<attrib name="value" value="1118"/></item>
<item name="NUM_XOR" rev="55">
<attrib name="value" value="132"/></item>
<item name="Xilinx Core blkmemsp_v6_2, Xilinx CORE Generator 10.1" rev="55">
<attrib name="value" value="2"/></item>
</group>
</DesignStatistics>
<DeviceUsage TimeStamp="Thu May 28 11:41:01 2015"><group name="SiteSummary">
<item name="BUFGMUX" rev="56">
<attrib name="total" value="1000000"/><attrib name="used" value="2"/></item>
<item name="BUFGMUX_GCLKMUX" rev="56">
<attrib name="total" value="1000000"/><attrib name="used" value="2"/></item>
<item name="BUFGMUX_GCLK_BUFFER" rev="56">
<attrib name="total" value="1000000"/><attrib name="used" value="2"/></item>
<item name="IOB" rev="56">
<attrib name="total" value="1000000"/><attrib name="used" value="29"/></item>
<item name="IOB_INBUF" rev="56">
<attrib name="total" value="1000000"/><attrib name="used" value="12"/></item>
<item name="IOB_OUTBUF" rev="56">
<attrib name="total" value="1000000"/><attrib name="used" value="17"/></item>
<item name="IOB_PAD" rev="56">
<attrib name="total" value="1000000"/><attrib name="used" value="29"/></item>
<item name="RAMB16" rev="56">
<attrib name="total" value="1000000"/><attrib name="used" value="2"/></item>
<item name="RAMB16_RAMB16" rev="56">
<attrib name="total" value="1000000"/><attrib name="used" value="2"/></item>
<item name="RAMB16_RAMB16A" rev="56">
<attrib name="total" value="1000000"/><attrib name="used" value="2"/></item>
<item name="SLICEL" rev="56">
<attrib name="total" value="1000000"/><attrib name="used" value="1122"/></item>
<item name="SLICEL_C1VDD" rev="56">
<attrib name="total" value="1000000"/><attrib name="used" value="5"/></item>
<item name="SLICEL_C2VDD" rev="56">
<attrib name="total" value="1000000"/><attrib name="used" value="5"/></item>
<item name="SLICEL_CYMUXF" rev="56">
<attrib name="total" value="1000000"/><attrib name="used" value="79"/></item>
<item name="SLICEL_CYMUXG" rev="56">
<attrib name="total" value="1000000"/><attrib name="used" value="72"/></item>
<item name="SLICEL_F" rev="56">
<attrib name="total" value="1000000"/><attrib name="used" value="548"/></item>
<item name="SLICEL_F5MUX" rev="56">
<attrib name="total" value="1000000"/><attrib name="used" value="467"/></item>
<item name="SLICEL_F6MUX" rev="56">
<attrib name="total" value="1000000"/><attrib name="used" value="323"/></item>
<item name="SLICEL_FFX" rev="56">
<attrib name="total" value="1000000"/><attrib name="used" value="558"/></item>
<item name="SLICEL_FFY" rev="56">
<attrib name="total" value="1000000"/><attrib name="used" value="556"/></item>
<item name="SLICEL_G" rev="56">
<attrib name="total" value="1000000"/><attrib name="used" value="613"/></item>
<item name="SLICEL_GNDF" rev="56">
<attrib name="total" value="1000000"/><attrib name="used" value="38"/></item>
<item name="SLICEL_GNDG" rev="56">
<attrib name="total" value="1000000"/><attrib name="used" value="33"/></item>
<item name="SLICEL_XORF" rev="56">
<attrib name="total" value="1000000"/><attrib name="used" value="64"/></item>
<item name="SLICEL_XORG" rev="56">
<attrib name="total" value="1000000"/><attrib name="used" value="68"/></item>
<item name="SLICEM" rev="56">
<attrib name="total" value="1000000"/><attrib name="used" value="392"/></item>
<item name="SLICEM_F" rev="56">
<attrib name="total" value="1000000"/><attrib name="used" value="392"/></item>
<item name="SLICEM_F5MUX" rev="56">
<attrib name="total" value="1000000"/><attrib name="used" value="392"/></item>
<item name="SLICEM_F6MUX" rev="56">
<attrib name="total" value="1000000"/><attrib name="used" value="392"/></item>
<item name="SLICEM_FFY" rev="56">
<attrib name="total" value="1000000"/><attrib name="used" value="4"/></item>
<item name="SLICEM_G" rev="56">
<attrib name="total" value="1000000"/><attrib name="used" value="392"/></item>
</group>
</DeviceUsage>
<ReportConfigData TimeStamp="Thu May 28 11:41:01 2015"><group name="SLICEM_F">
<item name="LUT_OR_MEM" rev="56">
<attrib name="LUT" value="392"/></item>
</group>
<group name="SLICEM_G">
<item name="LUT_OR_MEM" rev="56">
<attrib name="LUT" value="392"/></item>
</group>
<group name="BUFGMUX_GCLKMUX">
<item name="DISABLE_ATTR" rev="56">
<attrib name="LOW" value="2"/></item>
</group>
<group name="SLICEL_FFX">
<item name="FFX_INIT_ATTR" rev="56">
<attrib name="INIT0" value="558"/></item>
<item name="FFX_SR_ATTR" rev="56">
<attrib name="SRLOW" value="558"/></item>
<item name="LATCH_OR_FF" rev="56">
<attrib name="FF" value="558"/></item>
<item name="SYNC_ATTR" rev="56">
<attrib name="ASYNC" value="542"/><attrib name="SYNC" value="16"/></item>
</group>
<group name="SLICEL_FFY">
<item name="FFY_INIT_ATTR" rev="56">
<attrib name="INIT0" value="553"/><attrib name="INIT1" value="3"/></item>
<item name="FFY_SR_ATTR" rev="56">
<attrib name="SRLOW" value="553"/><attrib name="SRHIGH" value="3"/></item>
<item name="LATCH_OR_FF" rev="56">
<attrib name="FF" value="556"/></item>
<item name="SYNC_ATTR" rev="56">
<attrib name="ASYNC" value="537"/><attrib name="SYNC" value="19"/></item>
</group>
<group name="RAMB16_RAMB16A">
<item name="PORTA_ATTR" rev="56">
<attrib name="512X36" value="2"/></item>
<item name="WRITEMODEA" rev="56">
<attrib name="WRITE_FIRST" value="2"/></item>
</group>
<group name="SLICEM_FFY">
<item name="FFY_INIT_ATTR" rev="56">
<attrib name="INIT0" value="4"/></item>
<item name="FFY_SR_ATTR" rev="56">
<attrib name="SRLOW" value="4"/></item>
<item name="LATCH_OR_FF" rev="56">
<attrib name="FF" value="4"/></item>
<item name="SYNC_ATTR" rev="56">
<attrib name="ASYNC" value="4"/></item>
</group>
<group name="IOB_PAD">
<item name="DRIVEATTRBOX" rev="56">
<attrib name="12" value="17"/></item>
<item name="IOATTRBOX" rev="56">
<attrib name="LVCMOS25" value="29"/></item>
<item name="SLEW" rev="56">
<attrib name="SLOW" value="17"/></item>
</group>
</ReportConfigData>
<ReportPinData TimeStamp="Thu May 28 11:41:01 2015"><group name="SLICEM_F">
<item name="A1" rev="56">
<attrib name="value" value="392"/></item>
<item name="A2" rev="56">
<attrib name="value" value="392"/></item>
<item name="A3" rev="56">
<attrib name="value" value="385"/></item>
<item name="D" rev="56">
<attrib name="value" value="392"/></item>
</group>
<group name="SLICEM_G">
<item name="A1" rev="56">
<attrib name="value" value="392"/></item>
<item name="A2" rev="56">
<attrib name="value" value="392"/></item>
<item name="A3" rev="56">
<attrib name="value" value="392"/></item>
<item name="D" rev="56">
<attrib name="value" value="392"/></item>
</group>
<group name="SLICEL">
<item name="BX" rev="56">
<attrib name="value" value="973"/></item>
<item name="BY" rev="56">
<attrib name="value" value="826"/></item>
<item name="CE" rev="56">
<attrib name="value" value="531"/></item>
<item name="CIN" rev="56">
<attrib name="value" value="72"/></item>
<item name="CLK" rev="56">
<attrib name="value" value="566"/></item>
<item name="COUT" rev="56">
<attrib name="value" value="72"/></item>
<item name="F1" rev="56">
<attrib name="value" value="547"/></item>
<item name="F2" rev="56">
<attrib name="value" value="509"/></item>
<item name="F3" rev="56">
<attrib name="value" value="497"/></item>
<item name="F4" rev="56">
<attrib name="value" value="97"/></item>
<item name="F5" rev="56">
<attrib name="value" value="454"/></item>
<item name="FX" rev="56">
<attrib name="value" value="196"/></item>
<item name="FXINA" rev="56">
<attrib name="value" value="323"/></item>
<item name="FXINB" rev="56">
<attrib name="value" value="323"/></item>
<item name="G1" rev="56">
<attrib name="value" value="613"/></item>
<item name="G2" rev="56">
<attrib name="value" value="512"/></item>
<item name="G3" rev="56">
<attrib name="value" value="500"/></item>
<item name="G4" rev="56">
<attrib name="value" value="102"/></item>
<item name="SR" rev="56">
<attrib name="value" value="36"/></item>
<item name="X" rev="56">
<attrib name="value" value="108"/></item>
<item name="XB" rev="56">
<attrib name="value" value="2"/></item>
<item name="XQ" rev="56">
<attrib name="value" value="558"/></item>
<item name="Y" rev="56">
<attrib name="value" value="228"/></item>
<item name="YQ" rev="56">
<attrib name="value" value="556"/></item>
</group>
<group name="SLICEM">
<item name="BX" rev="56">
<attrib name="value" value="392"/></item>
<item name="BY" rev="56">
<attrib name="value" value="392"/></item>
<item name="CLK" rev="56">
<attrib name="value" value="4"/></item>
<item name="F1" rev="56">
<attrib name="value" value="392"/></item>
<item name="F2" rev="56">
<attrib name="value" value="392"/></item>
<item name="F3" rev="56">
<attrib name="value" value="385"/></item>
<item name="F5" rev="56">
<attrib name="value" value="392"/></item>
<item name="FX" rev="56">
<attrib name="value" value="388"/></item>
<item name="FXINA" rev="56">
<attrib name="value" value="392"/></item>
<item name="FXINB" rev="56">
<attrib name="value" value="392"/></item>
<item name="G1" rev="56">
<attrib name="value" value="392"/></item>
<item name="G2" rev="56">
<attrib name="value" value="392"/></item>
<item name="G3" rev="56">
<attrib name="value" value="392"/></item>
<item name="YQ" rev="56">
<attrib name="value" value="4"/></item>
</group>
<group name="RAMB16">
<item name="ADDRA10" rev="56">
<attrib name="value" value="2"/></item>
<item name="ADDRA11" rev="56">
<attrib name="value" value="2"/></item>
<item name="ADDRA12" rev="56">
<attrib name="value" value="2"/></item>
<item name="ADDRA13" rev="56">
<attrib name="value" value="2"/></item>
<item name="ADDRA5" rev="56">
<attrib name="value" value="2"/></item>
<item name="ADDRA6" rev="56">
<attrib name="value" value="2"/></item>
<item name="ADDRA7" rev="56">
<attrib name="value" value="2"/></item>
<item name="ADDRA8" rev="56">
<attrib name="value" value="2"/></item>
<item name="ADDRA9" rev="56">
<attrib name="value" value="2"/></item>
<item name="CLKA" rev="56">
<attrib name="value" value="2"/></item>
<item name="DIA0" rev="56">
<attrib name="value" value="1"/></item>
<item name="DIA1" rev="56">
<attrib name="value" value="1"/></item>
<item name="DIA10" rev="56">
<attrib name="value" value="1"/></item>
<item name="DIA11" rev="56">
<attrib name="value" value="1"/></item>
<item name="DIA12" rev="56">
<attrib name="value" value="1"/></item>
<item name="DIA13" rev="56">
<attrib name="value" value="1"/></item>
<item name="DIA14" rev="56">
<attrib name="value" value="1"/></item>
<item name="DIA15" rev="56">
<attrib name="value" value="1"/></item>
<item name="DIA16" rev="56">
<attrib name="value" value="1"/></item>
<item name="DIA17" rev="56">
<attrib name="value" value="1"/></item>
<item name="DIA18" rev="56">
<attrib name="value" value="1"/></item>
<item name="DIA19" rev="56">
<attrib name="value" value="1"/></item>
<item name="DIA2" rev="56">
<attrib name="value" value="1"/></item>
<item name="DIA20" rev="56">
<attrib name="value" value="1"/></item>
<item name="DIA21" rev="56">
<attrib name="value" value="1"/></item>
<item name="DIA22" rev="56">
<attrib name="value" value="1"/></item>
<item name="DIA23" rev="56">
<attrib name="value" value="1"/></item>
<item name="DIA24" rev="56">
<attrib name="value" value="1"/></item>
<item name="DIA25" rev="56">
<attrib name="value" value="1"/></item>
<item name="DIA26" rev="56">
<attrib name="value" value="1"/></item>
<item name="DIA27" rev="56">
<attrib name="value" value="1"/></item>
<item name="DIA28" rev="56">
<attrib name="value" value="1"/></item>
<item name="DIA29" rev="56">
<attrib name="value" value="1"/></item>
<item name="DIA3" rev="56">
<attrib name="value" value="1"/></item>
<item name="DIA30" rev="56">
<attrib name="value" value="1"/></item>
<item name="DIA31" rev="56">
<attrib name="value" value="1"/></item>
<item name="DIA4" rev="56">
<attrib name="value" value="1"/></item>
<item name="DIA5" rev="56">
<attrib name="value" value="1"/></item>
<item name="DIA6" rev="56">
<attrib name="value" value="1"/></item>
<item name="DIA7" rev="56">
<attrib name="value" value="1"/></item>
<item name="DIA8" rev="56">
<attrib name="value" value="1"/></item>
<item name="DIA9" rev="56">
<attrib name="value" value="1"/></item>
<item name="DIPA0" rev="56">
<attrib name="value" value="1"/></item>
<item name="DIPA1" rev="56">
<attrib name="value" value="1"/></item>
<item name="DIPA2" rev="56">
<attrib name="value" value="1"/></item>
<item name="DIPA3" rev="56">
<attrib name="value" value="1"/></item>
<item name="DOA0" rev="56">
<attrib name="value" value="2"/></item>
<item name="DOA1" rev="56">
<attrib name="value" value="2"/></item>
<item name="DOA10" rev="56">
<attrib name="value" value="2"/></item>
<item name="DOA11" rev="56">
<attrib name="value" value="2"/></item>
<item name="DOA12" rev="56">
<attrib name="value" value="2"/></item>
<item name="DOA13" rev="56">
<attrib name="value" value="2"/></item>
<item name="DOA14" rev="56">
<attrib name="value" value="2"/></item>
<item name="DOA15" rev="56">
<attrib name="value" value="2"/></item>
<item name="DOA16" rev="56">
<attrib name="value" value="2"/></item>
<item name="DOA17" rev="56">
<attrib name="value" value="2"/></item>
<item name="DOA18" rev="56">
<attrib name="value" value="2"/></item>
<item name="DOA19" rev="56">
<attrib name="value" value="2"/></item>
<item name="DOA2" rev="56">
<attrib name="value" value="2"/></item>
<item name="DOA20" rev="56">
<attrib name="value" value="2"/></item>
<item name="DOA21" rev="56">
<attrib name="value" value="2"/></item>
<item name="DOA22" rev="56">
<attrib name="value" value="2"/></item>
<item name="DOA23" rev="56">
<attrib name="value" value="2"/></item>
<item name="DOA24" rev="56">
<attrib name="value" value="2"/></item>
<item name="DOA25" rev="56">
<attrib name="value" value="2"/></item>
<item name="DOA26" rev="56">
<attrib name="value" value="2"/></item>
<item name="DOA27" rev="56">
<attrib name="value" value="2"/></item>
<item name="DOA28" rev="56">
<attrib name="value" value="2"/></item>
<item name="DOA29" rev="56">
<attrib name="value" value="2"/></item>
<item name="DOA3" rev="56">
<attrib name="value" value="2"/></item>
<item name="DOA30" rev="56">
<attrib name="value" value="2"/></item>
<item name="DOA31" rev="56">
<attrib name="value" value="2"/></item>
<item name="DOA4" rev="56">
<attrib name="value" value="2"/></item>
<item name="DOA5" rev="56">
<attrib name="value" value="2"/></item>
<item name="DOA6" rev="56">
<attrib name="value" value="2"/></item>
<item name="DOA7" rev="56">
<attrib name="value" value="2"/></item>
<item name="DOA8" rev="56">
<attrib name="value" value="2"/></item>
<item name="DOA9" rev="56">
<attrib name="value" value="2"/></item>
<item name="ENA" rev="56">
<attrib name="value" value="2"/></item>
<item name="SSRA" rev="56">
<attrib name="value" value="2"/></item>
<item name="WEA" rev="56">
<attrib name="value" value="2"/></item>
</group>
<group name="RAMB16_RAMB16">
<item name="ADDRA" rev="56">
<attrib name="value" value="2"/></item>
<item name="DIA" rev="56">
<attrib name="value" value="2"/></item>
<item name="DOA" rev="56">
<attrib name="value" value="2"/></item>
</group>
<group name="IOB_OUTBUF">
<item name="IN" rev="56">
<attrib name="value" value="17"/></item>
<item name="OUT" rev="56">
<attrib name="value" value="17"/></item>
</group>
<group name="SLICEL_CYMUXF">
<item name="0" rev="56">
<attrib name="value" value="79"/></item>
<item name="1" rev="56">
<attrib name="value" value="79"/></item>
<item name="OUT" rev="56">
<attrib name="value" value="79"/></item>
<item name="S0" rev="56">
<attrib name="value" value="79"/></item>
</group>
<group name="SLICEL_CYMUXG">
<item name="0" rev="56">
<attrib name="value" value="72"/></item>
<item name="1" rev="56">
<attrib name="value" value="72"/></item>
<item name="OUT" rev="56">
<attrib name="value" value="72"/></item>
<item name="S0" rev="56">
<attrib name="value" value="72"/></item>
</group>
<group name="BUFGMUX_GCLKMUX">
<item name="I0" rev="56">
<attrib name="value" value="2"/></item>
<item name="OUT" rev="56">
<attrib name="value" value="2"/></item>
<item name="S" rev="56">
<attrib name="value" value="2"/></item>
</group>
<group name="SLICEL_C1VDD">
<item name="1" rev="56">
<attrib name="value" value="5"/></item>
</group>
<group name="IOB_INBUF">
<item name="IN" rev="56">
<attrib name="value" value="12"/></item>
<item name="OUT" rev="56">
<attrib name="value" value="12"/></item>
</group>
<group name="SLICEL_FFX">
<item name="CE" rev="56">
<attrib name="value" value="528"/></item>
<item name="CK" rev="56">
<attrib name="value" value="558"/></item>
<item name="D" rev="56">
<attrib name="value" value="558"/></item>
<item name="Q" rev="56">
<attrib name="value" value="558"/></item>
<item name="SR" rev="56">
<attrib name="value" value="32"/></item>
</group>
<group name="SLICEL_XORF">
<item name="0" rev="56">
<attrib name="value" value="64"/></item>
<item name="1" rev="56">
<attrib name="value" value="64"/></item>
<item name="O" rev="56">
<attrib name="value" value="64"/></item>
</group>
<group name="SLICEL_FFY">
<item name="CE" rev="56">
<attrib name="value" value="530"/></item>
<item name="CK" rev="56">
<attrib name="value" value="556"/></item>
<item name="D" rev="56">
<attrib name="value" value="556"/></item>
<item name="Q" rev="56">
<attrib name="value" value="556"/></item>
<item name="SR" rev="56">
<attrib name="value" value="35"/></item>
</group>
<group name="SLICEL_XORG">
<item name="0" rev="56">
<attrib name="value" value="68"/></item>
<item name="1" rev="56">
<attrib name="value" value="68"/></item>
<item name="O" rev="56">
<attrib name="value" value="68"/></item>
</group>
<group name="SLICEM_F6MUX">
<item name="0" rev="56">
<attrib name="value" value="392"/></item>
<item name="1" rev="56">
<attrib name="value" value="392"/></item>
<item name="OUT" rev="56">
<attrib name="value" value="392"/></item>
<item name="S0" rev="56">
<attrib name="value" value="392"/></item>
</group>
<group name="RAMB16_RAMB16A">
<item name="ADDRA" rev="56">
<attrib name="value" value="2"/></item>
<item name="ADDRA10" rev="56">
<attrib name="value" value="2"/></item>
<item name="ADDRA11" rev="56">
<attrib name="value" value="2"/></item>
<item name="ADDRA12" rev="56">
<attrib name="value" value="2"/></item>
<item name="ADDRA13" rev="56">
<attrib name="value" value="2"/></item>
<item name="ADDRA5" rev="56">
<attrib name="value" value="2"/></item>
<item name="ADDRA6" rev="56">
<attrib name="value" value="2"/></item>
<item name="ADDRA7" rev="56">
<attrib name="value" value="2"/></item>
<item name="ADDRA8" rev="56">
<attrib name="value" value="2"/></item>
<item name="ADDRA9" rev="56">
<attrib name="value" value="2"/></item>
<item name="CLKA" rev="56">
<attrib name="value" value="2"/></item>
<item name="DIA" rev="56">
<attrib name="value" value="2"/></item>
<item name="DIA0" rev="56">
<attrib name="value" value="1"/></item>
<item name="DIA1" rev="56">
<attrib name="value" value="1"/></item>
<item name="DIA10" rev="56">
<attrib name="value" value="1"/></item>
<item name="DIA11" rev="56">
<attrib name="value" value="1"/></item>
<item name="DIA12" rev="56">
<attrib name="value" value="1"/></item>
<item name="DIA13" rev="56">
<attrib name="value" value="1"/></item>
<item name="DIA14" rev="56">
<attrib name="value" value="1"/></item>
<item name="DIA15" rev="56">
<attrib name="value" value="1"/></item>
<item name="DIA16" rev="56">
<attrib name="value" value="1"/></item>
<item name="DIA17" rev="56">
<attrib name="value" value="1"/></item>
<item name="DIA18" rev="56">
<attrib name="value" value="1"/></item>
<item name="DIA19" rev="56">
<attrib name="value" value="1"/></item>
<item name="DIA2" rev="56">
<attrib name="value" value="1"/></item>
<item name="DIA20" rev="56">
<attrib name="value" value="1"/></item>
<item name="DIA21" rev="56">
<attrib name="value" value="1"/></item>
<item name="DIA22" rev="56">
<attrib name="value" value="1"/></item>
<item name="DIA23" rev="56">
<attrib name="value" value="1"/></item>
<item name="DIA24" rev="56">
<attrib name="value" value="1"/></item>
<item name="DIA25" rev="56">
<attrib name="value" value="1"/></item>
<item name="DIA26" rev="56">
<attrib name="value" value="1"/></item>
<item name="DIA27" rev="56">
<attrib name="value" value="1"/></item>
<item name="DIA28" rev="56">
<attrib name="value" value="1"/></item>
<item name="DIA29" rev="56">
<attrib name="value" value="1"/></item>
<item name="DIA3" rev="56">
<attrib name="value" value="1"/></item>
<item name="DIA30" rev="56">
<attrib name="value" value="1"/></item>
<item name="DIA31" rev="56">
<attrib name="value" value="1"/></item>
<item name="DIA4" rev="56">
<attrib name="value" value="1"/></item>
<item name="DIA5" rev="56">
<attrib name="value" value="1"/></item>
<item name="DIA6" rev="56">
<attrib name="value" value="1"/></item>
<item name="DIA7" rev="56">
<attrib name="value" value="1"/></item>
<item name="DIA8" rev="56">
<attrib name="value" value="1"/></item>
<item name="DIA9" rev="56">
<attrib name="value" value="1"/></item>
<item name="DIPA0" rev="56">
<attrib name="value" value="1"/></item>
<item name="DIPA1" rev="56">
<attrib name="value" value="1"/></item>
<item name="DIPA2" rev="56">
<attrib name="value" value="1"/></item>
<item name="DIPA3" rev="56">
<attrib name="value" value="1"/></item>
<item name="DOA" rev="56">
<attrib name="value" value="2"/></item>
<item name="DOA0" rev="56">
<attrib name="value" value="2"/></item>
<item name="DOA1" rev="56">
<attrib name="value" value="2"/></item>
<item name="DOA10" rev="56">
<attrib name="value" value="2"/></item>
<item name="DOA11" rev="56">
<attrib name="value" value="2"/></item>
<item name="DOA12" rev="56">
<attrib name="value" value="2"/></item>
<item name="DOA13" rev="56">
<attrib name="value" value="2"/></item>
<item name="DOA14" rev="56">
<attrib name="value" value="2"/></item>
<item name="DOA15" rev="56">
<attrib name="value" value="2"/></item>
<item name="DOA16" rev="56">
<attrib name="value" value="2"/></item>
<item name="DOA17" rev="56">
<attrib name="value" value="2"/></item>
<item name="DOA18" rev="56">
<attrib name="value" value="2"/></item>
<item name="DOA19" rev="56">
<attrib name="value" value="2"/></item>
<item name="DOA2" rev="56">
<attrib name="value" value="2"/></item>
<item name="DOA20" rev="56">
<attrib name="value" value="2"/></item>
<item name="DOA21" rev="56">
<attrib name="value" value="2"/></item>
<item name="DOA22" rev="56">
<attrib name="value" value="2"/></item>
<item name="DOA23" rev="56">
<attrib name="value" value="2"/></item>
<item name="DOA24" rev="56">
<attrib name="value" value="2"/></item>
<item name="DOA25" rev="56">
<attrib name="value" value="2"/></item>
<item name="DOA26" rev="56">
<attrib name="value" value="2"/></item>
<item name="DOA27" rev="56">
<attrib name="value" value="2"/></item>
<item name="DOA28" rev="56">
<attrib name="value" value="2"/></item>
<item name="DOA29" rev="56">
<attrib name="value" value="2"/></item>
<item name="DOA3" rev="56">
<attrib name="value" value="2"/></item>
<item name="DOA30" rev="56">
<attrib name="value" value="2"/></item>
<item name="DOA31" rev="56">
<attrib name="value" value="2"/></item>
<item name="DOA4" rev="56">
<attrib name="value" value="2"/></item>
<item name="DOA5" rev="56">
<attrib name="value" value="2"/></item>
<item name="DOA6" rev="56">
<attrib name="value" value="2"/></item>
<item name="DOA7" rev="56">
<attrib name="value" value="2"/></item>
<item name="DOA8" rev="56">
<attrib name="value" value="2"/></item>
<item name="DOA9" rev="56">
<attrib name="value" value="2"/></item>
<item name="ENA" rev="56">
<attrib name="value" value="2"/></item>
<item name="SSRA" rev="56">
<attrib name="value" value="2"/></item>
<item name="WEA" rev="56">
<attrib name="value" value="2"/></item>
</group>
<group name="SLICEL_F6MUX">
<item name="0" rev="56">
<attrib name="value" value="323"/></item>
<item name="1" rev="56">
<attrib name="value" value="323"/></item>
<item name="OUT" rev="56">
<attrib name="value" value="323"/></item>
<item name="S0" rev="56">
<attrib name="value" value="323"/></item>
</group>
<group name="SLICEM_FFY">
<item name="CK" rev="56">
<attrib name="value" value="4"/></item>
<item name="D" rev="56">
<attrib name="value" value="4"/></item>
<item name="Q" rev="56">
<attrib name="value" value="4"/></item>
</group>
<group name="IOB_PAD">
<item name="PAD" rev="56">
<attrib name="value" value="29"/></item>
</group>
<group name="IOB">
<item name="I" rev="56">
<attrib name="value" value="12"/></item>
<item name="O1" rev="56">
<attrib name="value" value="17"/></item>
<item name="PAD" rev="56">
<attrib name="value" value="29"/></item>
</group>
<group name="BUFGMUX">
<item name="I0" rev="56">
<attrib name="value" value="2"/></item>
<item name="O" rev="56">
<attrib name="value" value="2"/></item>
<item name="S" rev="56">
<attrib name="value" value="2"/></item>
</group>
<group name="SLICEM_F5MUX">
<item name="F" rev="56">
<attrib name="value" value="392"/></item>
<item name="G" rev="56">
<attrib name="value" value="392"/></item>
<item name="OUT" rev="56">
<attrib name="value" value="392"/></item>
<item name="S0" rev="56">
<attrib name="value" value="392"/></item>
</group>
<group name="SLICEL_C2VDD">
<item name="1" rev="56">
<attrib name="value" value="5"/></item>
</group>
<group name="BUFGMUX_GCLK_BUFFER">
<item name="IN" rev="56">
<attrib name="value" value="2"/></item>
<item name="OUT" rev="56">
<attrib name="value" value="2"/></item>
</group>
<group name="SLICEL_F">
<item name="A1" rev="56">
<attrib name="value" value="546"/></item>
<item name="A2" rev="56">
<attrib name="value" value="509"/></item>
<item name="A3" rev="56">
<attrib name="value" value="497"/></item>
<item name="A4" rev="56">
<attrib name="value" value="97"/></item>
<item name="D" rev="56">
<attrib name="value" value="548"/></item>
</group>
<group name="SLICEL_F5MUX">
<item name="F" rev="56">
<attrib name="value" value="405"/></item>
<item name="G" rev="56">
<attrib name="value" value="467"/></item>
<item name="OUT" rev="56">
<attrib name="value" value="467"/></item>
<item name="S0" rev="56">
<attrib name="value" value="467"/></item>
</group>
<group name="SLICEL_G">
<item name="A1" rev="56">
<attrib name="value" value="613"/></item>
<item name="A2" rev="56">
<attrib name="value" value="512"/></item>
<item name="A3" rev="56">
<attrib name="value" value="500"/></item>
<item name="A4" rev="56">
<attrib name="value" value="102"/></item>
<item name="D" rev="56">
<attrib name="value" value="613"/></item>
</group>
<group name="SLICEL_GNDF">
<item name="0" rev="56">
<attrib name="value" value="38"/></item>
</group>
<group name="SLICEL_GNDG">
<item name="0" rev="56">
<attrib name="value" value="33"/></item>
</group>
</ReportPinData>
<CmdHistory>
</CmdHistory>
</DeviceUsageSummary>
